image,2023-10-10 13:30:00,EA,11.2 MB,sha_dnc_20231010_151000.png,vol01/ea/
image,2023-10-10 13:30:00,EA,11.2 MB,sha_dnc_20231010_152000.png,vol01/ea/
image,2023-10-10 13:30:00,EA,11.2 MB,sha_dnc_20231010_153000.png,vol01/ea/
image,2023-10-10 13:30:00,EA,11.2 MB,sha_dnc_20231010_154000.png,vol01/ea/
image,2023-10-10 13:30:00,EA,11.2 MB,sha_dnc_20231010_155000.png,vol01/ea/
image,2023-10-10 13:30:00,AU,11.2 MB,sha_dnc_20231010_160000.png,vol01/au/
image,2023-10-10 13:30:00,AU,11.2 MB,sha_dnc_20231010_161000.png,vol01/au/
image,2023-10-10 13:30:00,AU,11.2 MB,sha_dnc_20231010_162000.png,vol01/au/
image,2023-10-10 13:30:00,AU,11.2 MB,sha_dnc_20231010_163000.png,vol01/au/
image,2023-10-10 13:30:00,AU,11.2 MB,sha_dnc_20231010_164000.png,vol01/au/
image,2023-10-10 13:30:00,AU,11.2 MB,sha_dnc_20231010_165000.png,vol01/au/
image,2023-10-10 13:30:00,KR,11.2 MB,sha_dnc_20231010_170000.png,vol01/kr/
image,2023-10-10 13:30:00,KR,11.2 MB,sha_dnc_20231010_171000.png,vol01/kr/
image,2023-10-10 13:30:00,KR,11.2 MB,sha_dnc_20231010_172000.png,vol01/kr/
image,2023-10-10 13:30:00,KR,11.2 MB,sha_dnc_20231010_173000.png,vol01/kr/
image,2023-10-10 13:30:00,KR,11.2 MB,sha_dnc_20231010_174000.png,vol01/kr/
image,2023-10-10 13:30:00,KR,11.2 MB,sha_dnc_20231010_175000.png,vol01/kr/
